0,0
0.001001001001001,4.44309730030827e-09
0.002002002002002,3.55447784025813e-08
0.003003003003003,1.19963627104087e-07
0.004004004004004,2.84358227182095e-07
0.005005005005005,5.55387162345962e-07
0.00600600600600601,9.59709016159422e-07
0.00700700700700701,1.52398237190384e-06
0.00800800800800801,2.27486581237237e-06
0.00900900900900901,3.23901791960739e-06
0.01001001001001,4.44309727451177e-06
0.011011011011011,5.91376245639848e-06
0.012012012012012,7.67767204235972e-06
0.013013013013013,9.76148460659928e-06
0.014014014014014,1.2191858719522e-05
0.015015015015015,1.49954529467402e-05
0.016016016016016,1.81989258478609e-05
0.017017017017017,2.18289359751396e-05
0.018018018018018,2.59121418718765e-05
0.019019019019019,3.04752020706643e-05
0.02002002002002,3.55447750913957e-05
0.021021021021021,4.1147519438986e-05
0.022022022022022,4.7310093600955e-05
0.023023023023023,5.40591560446132e-05
0.024024024024024,6.1421365214131e-05
0.025025025025025,6.94233795271328e-05
0.026026026026026,7.80918573711682e-05
0.027027027027027,8.74534570998047e-05
0.028028028028028,9.75348370283221e-05
0.029029029029029,0.000108362655429151
0.03003003003003,0.000119963570526996
0.031031031031031,0.000132364240493442
0.032032032032032,0.000145591323441407
0.033033033033033,0.000159671477418909
0.034034034034034,0.000174631360402733
0.035035035035035,0.000190497630291497
0.036036036036036,0.000207296944898276
0.037037037037037,0.000225055961942936
0.038038038038038,0.000243801339043874
0.039039039039039,0.000263559733709266
0.04004004004004,0.000284357803328059
0.041041041041041,0.000306222205160079
0.042042042042042,0.000329179596326034
0.043043043043043,0.000353256633796749
0.044044044044044,0.000378479974381959
0.045045045045045,0.000404876274718515
0.046046046046046,0.000432472191258019
0.047047047047047,0.000461294380253951
0.048048048048048,0.000491369497748164
0.049049049049049,0.000522724199556782
0.0500500500500501,0.000555385141255472
0.0510510510510511,0.000589378978164084
0.0520520520520521,0.000624732365330729
0.0530530530530531,0.000661471957515172
0.0540540540540541,0.000699624409171408
0.0550550550550551,0.000739216374429829
0.0560560560560561,0.000780274507078499
0.0570570570570571,0.000822825460543829
0.0580580580580581,0.000866895887870361
0.0590590590590591,0.000912512441700122
0.0600600600600601,0.000959701774251058
0.0610610610610611,0.00100849053729452
0.0620620620620621,0.00105890538213246
0.0630630630630631,0.00111097295957333
0.0640640640640641,0.00116471991990761
0.0650650650650651,0.00122017291288219
0.0660660660660661,0.00127735858767421
0.0670670670670671,0.0013363035928638
0.0680680680680681,0.00139703457640628
0.0690690690690691,0.00145957818560321
0.0700700700700701,0.00152396106707263
0.0710710710710711,0.00159020986671871
0.0720720720720721,0.00165835122970004
0.0730730730730731,0.00172841180039722
0.0740740740740741,0.00180041822237977
0.0750750750750751,0.00187439713837159
0.0760760760760761,0.00195037519021603
0.0770770770770771,0.00202837901883937
0.0780780780780781,0.00210843526421395
0.0790790790790791,0.00219057056531999
0.0800800800800801,0.00227481156010624
0.0810810810810811,0.00236118488545006
0.0820820820820821,0.00244971717711613
0.0830830830830831,0.00254043506971414
0.0840840840840841,0.00263336519665567
0.0850850850850851,0.00272853419010961
0.0860860860860861,0.00282596868095704
0.0870870870870871,0.00292569529874437
0.0880880880880881,0.00302774067163588
0.0890890890890891,0.00313213142636505
0.0900900900900901,0.00323889418818436
0.0910910910910911,0.00334805558081457
0.0920920920920921,0.00345964222639243
0.0930930930930931,0.00357368074541734
0.0940940940940941,0.00369019775669656
0.0950950950950951,0.00380921987728989
0.0960960960960961,0.00393077372245242
0.0970970970970971,0.00405488590557649
0.0980980980980981,0.00418158303813215
0.0990990990990991,0.00431089172960664
0.1001001001001,0.00444283858744237
0.101101101101101,0.0045774502169738
0.102102102102102,0.00471475322136295
0.103103103103103,0.00485477420153357
0.104104104104104,0.00499753975610406
0.105105105105105,0.00514307648131918
0.106106106106106,0.00529141097098002
0.107107107107107,0.0054425698163731
0.108108108108108,0.00559657960619812
0.109109109109109,0.0057534669264935
0.11011011011011,0.00591325836056169
0.111111111111111,0.00607598048889241
0.112112112112112,0.00624165988908435
0.113113113113113,0.00641032313576606
0.114114114114114,0.00658199680051477
0.115115115115115,0.0067567074517741
0.116116116116116,0.00693448165477028
0.117117117117117,0.00711534597142679
0.118118118118118,0.00729932696027746
0.119119119119119,0.00748645117637833
0.12012012012012,0.00767674517121773
0.121121121121121,0.00787023549262501
0.122122122122122,0.00806694868467751
0.123123123123123,0.00826691128760621
0.124124124124124,0.00847014983769979
0.125125125125125,0.00867669086720669
0.126126126126126,0.00888656090423651
0.127127127127127,0.0090997864726587
0.128128128128128,0.00931639409200042
0.129129129129129,0.00953641027734236
0.13013013013013,0.00975986153921324
0.131131131131131,0.00998677438348237
0.132132132132132,0.0102171753112507
0.133133133133133,0.01045109081874
0.134134134134134,0.0106885473971807
0.135135135135135,0.0109295715326978
0.136136136136136,0.011174189706195
0.137137137137137,0.0114224283932372
0.138138138138138,0.0116743140639311
0.139139139139139,0.0119298731828047
0.14014014014014,0.0121891322086839
0.141141141141141,0.0124521175945685
0.142142142142142,0.0127188557875053
0.143143143143143,0.0129893732284605
0.144144144144144,0.0132636963521895
0.145145145145145,0.0135418515871051
0.146146146146146,0.0138238653551439
0.147147147147147,0.014109764071631
0.148148148148148,0.0143995741451423
0.149149149149149,0.0146933219773657
0.15015015015015,0.0149910339629598
0.151151151151151,0.0152927364894109
0.152152152152152,0.0155984559368883
0.153153153153153,0.0159082186780972
0.154154154154154,0.01622205107813
0.155155155155155,0.0165399794943159
0.156156156156156,0.0168620302760679
0.157157157157157,0.0171882297647283
0.158158158158158,0.017518604293412
0.159159159159159,0.0178531801868482
0.16016016016016,0.0181919837612194
0.161161161161161,0.0185350413239989
0.162162162162162,0.0188823791737862
0.163163163163163,0.0192340236001405
0.164164164164164,0.0195900008834116
0.165165165165165,0.0199503372945693
0.166166166166166,0.0203150590950303
0.167167167167167,0.0206841925364837
0.168168168168168,0.0210577638607133
0.169169169169169,0.021435799299419
0.17017017017017,0.0218183250740351
0.171171171171171,0.0222053673955473
0.172172172172172,0.0225969524643065
0.173173173173173,0.0229931064698417
0.174174174174174,0.0233938555906697
0.175175175175175,0.0237992259941034
0.176176176176176,0.0242092438360572
0.177177177177177,0.0246239352608507
0.178178178178178,0.02504332640101
0.179179179179179,0.025467443377067
0.18018018018018,0.025896312297356
0.181181181181181,0.0263299592578085
0.182182182182182,0.0267684103417457
0.183183183183183,0.0272116916196684
0.184184184184184,0.0276598291490451
0.185185185185185,0.0281128489740972
0.186186186186186,0.0285707771255829
0.187187187187187,0.0290336396205775
0.188188188188188,0.0295014624622524
0.189189189189189,0.0299742716396513
0.19019019019019,0.0304520931274645
0.191191191191191,0.0309349528858001
0.192192192192192,0.0314228768599536
0.193193193193193,0.0319158909801745
0.194194194194194,0.0324140211614313
0.195195195195195,0.0329172933031732
0.196196196196196,0.03342573328909
0.197197197197197,0.0339393669868696
0.198198198198198,0.0344582202479528
0.199199199199199,0.0349823189072858
0.2002002002002,0.0355116887830699
0.201201201201201,0.0360463556765099
0.202202202202202,0.0365863453715587
0.203203203203203,0.0371316836346598
0.204204204204204,0.0376823962144881
0.205205205205205,0.0382385088416872
0.206206206206206,0.0388000472286048
0.207207207207207,0.0393670370690253
0.208208208208208,0.0399395040378999
0.209209209209209,0.0405174737910748
0.21021021021021,0.0411009719650159
0.211211211211211,0.0416900241765313
0.212212212212212,0.0422846560224918
0.213213213213213,0.0428848930795482
0.214214214214214,0.043490760903846
0.215215215215215,0.0441022850307381
0.216216216216216,0.0447194909744946
0.217217217217217,0.0453424042280097
0.218218218218218,0.0459710502625062
0.219219219219219,0.0466054545272381
0.22022022022022,0.0472456424491895
0.221221221221221,0.0478916394327709
0.222222222222222,0.0485434708595142
0.223223223223223,0.0492011620877634
0.224224224224224,0.0498647384523641
0.225225225225225,0.0505342252643489
0.226226226226226,0.0512096478106212
0.227227227227227,0.0518910313536359
0.228228228228228,0.0525784011310783
0.229229229229229,0.053271782355538
0.23023023023023,0.0539712002141829
0.231231231231231,0.0546766798684289
0.232232232232232,0.0553882464536069
0.233233233233233,0.0561059250786279
0.234234234234234,0.0568297408256443
0.235235235235235,0.0575597187497095
0.236236236236236,0.0582958838784342
0.237237237237237,0.0590382612116401
0.238238238238238,0.0597868757210107
0.239239239239239,0.0605417523497393
0.24024024024024,0.0613029160121748
0.241241241241241,0.0620703915934642
0.242242242242242,0.0628442039491922
0.243243243243243,0.0636243779050184
0.244244244244244,0.0644109382563116
0.245245245245245,0.0652039097677816
0.246246246246246,0.0660033171731071
0.247247247247247,0.0668091851745623
0.248248248248248,0.0676215384426394
0.249249249249249,0.0684404016156699
0.25025025025025,0.0692657992994404
0.251251251251251,0.0700977560668086
0.252252252252252,0.0709362964573145
0.253253253253253,0.0717814449767895
0.254254254254254,0.0726332260969623
0.255255255255255,0.0734916642550622
0.256256256256256,0.0743567838534195
0.257257257257257,0.0752286092590637
0.258258258258258,0.0761071648033171
0.259259259259259,0.0769924747813869
0.26026026026026,0.0778845634519555
0.261261261261261,0.0787834550367645
0.262262262262262,0.0796891737201994
0.263263263263263,0.0806017436488699
0.264264264264264,0.0815211889311862
0.265265265265265,0.0824475336369351
0.266266266266266,0.0833808017968506
0.267267267267267,0.0843210174021835
0.268268268268268,0.0852682044042667
0.269269269269269,0.0862223867140788
0.27027027027027,0.0871835882018035
0.271271271271271,0.0881518326963877
0.272272272272272,0.0891271439850956
0.273273273273273,0.0901095458130594
0.274274274274274,0.0910990618828291
0.275275275275275,0.0920957158539171
0.276276276276276,0.0930995313423416
0.277277277277277,0.0941105319201656
0.278278278278278,0.0951287411150352
0.279279279279279,0.0961541824097119
0.28028028028028,0.0971868792416055
0.281281281281281,0.0982268550023004
0.282282282282282,0.0992741330370824
0.283283283283283,0.10032873664446
0.284284284284284,0.101390689075685
0.285285285285285,0.102460013534269
0.286286286286286,0.103536733175494
0.287287287287287,0.104620871105927
0.288288288288288,0.105712450382928
0.289289289289289,0.106811494014149
0.29029029029029,0.107918024957045
0.291291291291291,0.109032066118364
0.292292292292292,0.110153640353651
0.293293293293293,0.111282770466735
0.294294294294294,0.112419479209224
0.295295295295295,0.113563789279989
0.296296296296296,0.114715723324652
0.297297297297297,0.115875303935064
0.298298298298298,0.117042553648785
0.299299299299299,0.118217494948564
0.3003003003003,0.119400150261804
0.301301301301301,0.120590541960039
0.302302302302302,0.121788692358398
0.303303303303303,0.12299462371507
0.304304304304304,0.124208358230767
0.305305305305305,0.125429918048179
0.306306306306306,0.126659325251434
0.307307307307307,0.127896601865545
0.308308308308308,0.129141769855869
0.309309309309309,0.130394851127544
0.31031031031031,0.131655867524941
0.311311311311311,0.132924840831102
0.312312312312312,0.13420179276718
0.313313313313313,0.135486744991871
0.314314314314314,0.136779719100854
0.315315315315315,0.138080736626214
0.316316316316316,0.139389819035874
0.317317317317317,0.140706987733019
0.318318318318318,0.142032264055512
0.319319319319319,0.143365669275324
0.32032032032032,0.144707224597939
0.321321321321321,0.146056951161773
0.322322322322322,0.147414870037585
0.323323323323323,0.148781002227881
0.324324324324324,0.150155368666324
0.325325325325325,0.151537990217133
0.326326326326326,0.152928887674481
0.327327327327327,0.154328081761897
0.328328328328328,0.155735593131657
0.329329329329329,0.157151442364173
0.33033033033033,0.158575649967386
0.331331331331331,0.160008236376151
0.332332332332332,0.161449221951618
0.333333333333333,0.162898626980615
0.334334334334334,0.164356471675025
0.335335335335335,0.165822776171161
0.336336336336336,0.167297560529139
0.337337337337337,0.16878084473225
0.338338338338338,0.170272648686322
0.339339339339339,0.171772992219092
0.34034034034034,0.173281895079563
0.341341341341341,0.174799376937364
0.342342342342342,0.176325457382109
0.343343343343343,0.177860155922753
0.344344344344344,0.179403491986937
0.345345345345345,0.180955484920347
0.346346346346346,0.182516153986052
0.347347347347347,0.184085518363855
0.348348348348348,0.18566359714963
0.349349349349349,0.187250409354667
0.35035035035035,0.188845973905002
0.351351351351351,0.190450309640758
0.352352352352352,0.192063435315472
0.353353353353353,0.193685369595427
0.354354354354354,0.195316131058983
0.355355355355355,0.196955738195892
0.356356356356356,0.198604209406631
0.357357357357357,0.200261563001717
0.358358358358358,0.201927817201023
0.359359359359359,0.2036029901331
0.36036036036036,0.205287099834484
0.361361361361361,0.206980164249008
0.362362362362362,0.208682201227114
0.363363363363363,0.210393228525156
0.364364364364364,0.212113263804707
0.365365365365365,0.213842324631858
0.366366366366366,0.215580428476518
0.367367367367367,0.217327592711715
0.368368368368368,0.21908383461289
0.369369369369369,0.220849171357186
0.37037037037037,0.222623620022746
0.371371371371371,0.224407197587998
0.372372372372372,0.226199920930941
0.373373373373373,0.228001806828436
0.374374374374374,0.229812871955482
0.375375375375375,0.2316331328845
0.376376376376376,0.233462606084614
0.377377377377377,0.235301307920924
0.378378378378378,0.237149254653783
0.379379379379379,0.239006462438073
0.38038038038038,0.24087294732247
0.381381381381381,0.242748725248719
0.382382382382382,0.244633812050901
0.383383383383383,0.246528223454693
0.384384384384384,0.24843197507664
0.385385385385385,0.250345082423413
0.386386386386386,0.252267560891069
0.387387387387387,0.254199425764311
0.388388388388388,0.256140692215746
0.389389389389389,0.258091375305136
0.39039039039039,0.260051489978657
0.391391391391391,0.262021051068151
0.392392392392392,0.26400007329037
0.393393393393393,0.265988571246232
0.394394394394394,0.267986559420066
0.395395395395395,0.269994052178858
0.396396396396396,0.272011063771494
0.397397397397397,0.274037608328004
0.398398398398398,0.276073699858806
0.399399399399399,0.278119352253943
0.4004004004004,0.280174579282322
0.401401401401401,0.282239394590953
0.402402402402402,0.284313811704186
0.403403403403403,0.286397844022942
0.404404404404404,0.28849150482395
0.405405405405405,0.290594807258981
0.406406406406406,0.292707764354075
0.407407407407407,0.294830389008772
0.408408408408408,0.296962693995345
0.409409409409409,0.299104691958023
0.41041041041041,0.301256395412223
0.411411411411411,0.30341781674377
0.412412412412412,0.305588968208126
0.413413413413413,0.307769861929614
0.414414414414414,0.309960509900639
0.415415415415415,0.312160923980913
0.416416416416416,0.314371115896671
0.417417417417417,0.316591097239899
0.418418418418418,0.318820879467549
0.419419419419419,0.321060473900757
0.42042042042042,0.323309891724066
0.421421421421421,0.325569143984639
0.422422422422422,0.327838241591479
0.423423423423423,0.330117195314644
0.424424424424424,0.332406015784462
0.425425425425425,0.334704713490752
0.426426426426426,0.337013298782029
0.427427427427427,0.339331781864728
0.428428428428428,0.341660172802413
0.429429429429429,0.34399848151499
0.43043043043043,0.346346717777924
0.431431431431431,0.34870489122145
0.432432432432432,0.351073011329785
0.433433433433433,0.353451087440342
0.434434434434434,0.355839128742943
0.435435435435435,0.358237144279028
0.436436436436436,0.360645142940871
0.437437437437437,0.363063133470791
0.438438438438438,0.365491124460363
0.439439439439439,0.36792912434963
0.44044044044044,0.370377141426321
0.441441441441441,0.372835183825053
0.442442442442442,0.375303259526553
0.443443443443443,0.377781376356867
0.444444444444444,0.380269541986571
0.445445445445445,0.38276776392999
0.446446446446446,0.385276049544405
0.447447447447447,0.387794406029274
0.448448448448448,0.390322840425439
0.449449449449449,0.392861359614347
0.45045045045045,0.395409970317265
0.451451451451451,0.397968679094491
0.452452452452452,0.400537492344577
0.453453453453453,0.403116416303543
0.454454454454454,0.405705457044094
0.455455455455455,0.408304620474842
0.456456456456456,0.410913912339523
0.457457457457457,0.41353333821622
0.458458458458458,0.41616290351658
0.459459459459459,0.418802613485042
0.46046046046046,0.421452473198056
0.461461461461461,0.424112487563307
0.462462462462462,0.426782661318945
0.463463463463463,0.429462999032805
0.464464464464464,0.432153505101642
0.465465465465465,0.434854183750352
0.466466466466466,0.43756503903121
0.467467467467467,0.440286074823094
0.468468468468468,0.443017294830726
0.469469469469469,0.445758702583899
0.47047047047047,0.448510301436716
0.471471471471471,0.451272094566829
0.472472472472472,0.454044084974675
0.473473473473473,0.456826275482717
0.474474474474474,0.45961866873469
0.475475475475475,0.462421267194839
0.476476476476476,0.465234073147169
0.477477477477477,0.468057088694693
0.478478478478478,0.470890315758677
0.479479479479479,0.473733756077899
0.48048048048048,0.476587411207892
0.481481481481481,0.479451282520212
0.482482482482482,0.482325371201686
0.483483483483483,0.485209678253675
0.484484484484485,0.488104204491337
0.485485485485485,0.491008950542891
0.486486486486487,0.493923916848881
0.487487487487487,0.496849103661451
0.488488488488488,0.499784511043609
0.48948948948949,0.502730138868507
0.49049049049049,0.505685986818713
0.491491491491492,0.508652054385495
0.492492492492492,0.511628340868097
0.493493493493493,0.514614845373027
0.494494494494495,0.517611566813347
0.495495495495495,0.520618503907956
0.496496496496497,0.523635655180888
0.497497497497497,0.526663018960606
0.498498498498498,0.529700593379303
0.4994994994995,0.5327483763722
0.500500500500501,0.535806365676856
0.501501501501502,0.538874558832472
0.502502502502503,0.541952953179204
0.503503503503503,0.545041545857479
0.504504504504504,0.54814033380731
0.505505505505506,0.551249313767621
0.506506506506507,0.554368482275569
0.507507507507508,0.557497835665874
0.508508508508508,0.560637370070151
0.509509509509509,0.563787081416243
0.510510510510511,0.566946965427566
0.511511511511512,0.570117017622445
0.512512512512513,0.573297233313466
0.513513513513513,0.576487607606826
0.514514514514514,0.579688135401684
0.515515515515516,0.582898811389523
0.516516516516517,0.586119630053514
0.517517517517518,0.589350585667879
0.518518518518518,0.592591672297263
0.519519519519519,0.595842883796111
0.520520520520521,0.599104213808045
0.521521521521522,0.60237565576525
0.522522522522523,0.605657202887859
0.523523523523523,0.608948848183349
0.524524524524524,0.612250584445937
0.525525525525526,0.615562404255982
0.526526526526527,0.618884299979386
0.527527527527528,0.622216263767015
0.528528528528528,0.625558287554108
0.529529529529529,0.628910363059697
0.530530530530531,0.632272481786037
0.531531531531532,0.635644635018032
0.532532532532533,0.639026813822673
0.533533533533533,0.642419009048479
0.534534534534535,0.645821211324939
0.535535535535536,0.649233411061965
0.536536536536537,0.652655598449349
0.537537537537538,0.656087763456224
0.538538538538539,0.659529895830528
0.53953953953954,0.66298198509848
0.540540540540541,0.666444020564052
0.541541541541542,0.669915991308459
0.542542542542543,0.673397886189641
0.543543543543544,0.676889693841763
0.544544544544545,0.68039140267471
0.545545545545546,0.683903000873595
0.546546546546547,0.687424476398275
0.547547547547548,0.690955816982857
0.548548548548549,0.694497010135235
0.54954954954955,0.698048043136611
0.550550550550551,0.70160890304103
0.551551551551552,0.705179576674928
0.552552552552553,0.708760050636673
0.553553553553554,0.712350311296126
0.554554554554555,0.715950344794194
0.555555555555556,0.719560137042402
0.556556556556557,0.723179673722464
0.557557557557558,0.726808940285865
0.558558558558559,0.730447921953443
0.55955955955956,0.734096603714987
0.560560560560561,0.737754970328831
0.561561561561562,0.741423006321465
0.562562562562563,0.745100695987144
0.563563563563564,0.748788023387513
0.564564564564565,0.752484972351227
0.565565565565566,0.75619152647359
0.566566566566567,0.759907669116193
0.567567567567568,0.763633383406563
0.568568568568569,0.767368652237816
0.56956956956957,0.771113458268322
0.570570570570571,0.774867783921371
0.571571571571572,0.778631611384851
0.572572572572573,0.782404922610932
0.573573573573574,0.786187699315757
0.574574574574575,0.789979922979141
0.575575575575576,0.793781574844276
0.576576576576577,0.797592635917446
0.577577577577578,0.801413086967748
0.578578578578579,0.805242908526821
0.57957957957958,0.809082080888583
0.580580580580581,0.812930584108974
0.581581581581582,0.816788398005712
0.582582582582583,0.820655502158049
0.583583583583584,0.824531875906542
0.584584584584585,0.828417498352828
0.585585585585586,0.832312348359408
0.586586586586587,0.836216404549442
0.587587587587588,0.840129645306545
0.588588588588589,0.844052048774599
0.58958958958959,0.84798359285757
0.590590590590591,0.851924255219328
0.591591591591592,0.85587401328349
0.592592592592593,0.859832844233256
0.593593593593594,0.863800725011256
0.594594594594595,0.867777632319416
0.595595595595596,0.871763542618823
0.596596596596597,0.875758432129598
0.597597597597598,0.879762276830786
0.598598598598599,0.883775052460247
0.5995995995996,0.887796734514553
0.600600600600601,0.891827298248908
0.601601601601602,0.895866718677062
0.602602602602603,0.899914970571242
0.603603603603604,0.903972028462087
0.604604604604605,0.908037866638597
0.605605605605606,0.912112459148086
0.606606606606607,0.916195779796151
0.607607607607608,0.92028780214664
0.608608608608609,0.92438849952164
0.60960960960961,0.928497845001462
0.610610610610611,0.932615811424654
0.611611611611612,0.936742371387998
0.612612612612613,0.940877497246538
0.613613613613614,0.94502116111361
0.614614614614615,0.949173334860873
0.615615615615616,0.953333990118364
0.616616616616617,0.957503098274555
0.617617617617618,0.961680630476415
0.618618618618619,0.965866557629491
0.61961961961962,0.970060850397993
0.620620620620621,0.974263479204889
0.621621621621622,0.97847441423201
0.622622622622623,0.982693625420167
0.623623623623624,0.986921082469274
0.624624624624625,0.991156754838481
0.625625625625626,0.995400611746326
0.626626626626627,0.999652622170877
0.627627627627628,1.00391275484991
0.628628628628629,1.00818097828106
0.62962962962963,1.01245726072204
0.630630630630631,1.01674157019081
0.631631631631632,1.02103387446578
0.632632632632633,1.02533414108602
0.633633633633634,1.02964233735152
0.634634634634635,1.03395843032338
0.635635635635636,1.03828238682406
0.636636636636637,1.04261417343769
0.637637637637638,1.04695375651023
0.638638638638639,1.05130110214985
0.63963963963964,1.05565617622715
0.640640640640641,1.06001894437548
0.641641641641642,1.06438937199124
0.642642642642643,1.06876742423419
0.643643643643644,1.07315306602778
0.644644644644645,1.07754626205949
0.645645645645646,1.08194697678118
0.646646646646647,1.08635517440942
0.647647647647648,1.09077081892591
0.648648648648649,1.09519387407778
0.64964964964965,1.09962430337807
0.650650650650651,1.10406207010605
0.651651651651652,1.10850713730766
0.652652652652653,1.11295946779596
0.653653653653654,1.11741902415149
0.654654654654655,1.12188576872279
0.655655655655656,1.12635966362676
0.656656656656657,1.13084067074923
0.657657657657658,1.13532875174534
0.658658658658659,1.13982386804005
0.65965965965966,1.14432598082867
0.660660660660661,1.1488350510773
0.661661661661662,1.15335103952341
0.662662662662663,1.15787390667632
0.663663663663664,1.16240361281774
0.664664664664665,1.16694011800233
0.665665665665666,1.17148338205825
0.666666666666667,1.17603336458773
0.667667667667668,1.18059002496766
0.668668668668669,1.18515332235014
0.66966966966967,1.18972321566311
0.670670670670671,1.19429966361098
0.671671671671672,1.19888262467518
0.672672672672673,1.20347205711488
0.673673673673674,1.20806791896755
0.674674674674675,1.21267016804968
0.675675675675676,1.21727876195738
0.676676676676677,1.22189365806712
0.677677677677678,1.22651481353636
0.678678678678679,1.23114218530427
0.67967967967968,1.23577573009243
0.680680680680681,1.24041540440555
0.681681681681682,1.24506116453218
0.682682682682683,1.24971296654547
0.683683683683684,1.25437076630393
0.684684684684685,1.25903451945212
0.685685685685686,1.2637041814215
0.686686686686687,1.26837970743117
0.687687687687688,1.27306105248866
0.688688688688689,1.27774817139074
0.68968968968969,1.28244101872422
0.690690690690691,1.28713954886678
0.691691691691692,1.29184371598781
0.692692692692693,1.29655347404923
0.693693693693694,1.30126877680637
0.694694694694695,1.3059895778088
0.695695695695696,1.31071583040124
0.696696696696697,1.31544748772443
0.697697697697698,1.320184502716
0.698698698698699,1.32492682811142
0.6996996996997,1.32967441644488
0.700700700700701,1.33442722005022
0.701701701701702,1.3391851910619
0.702702702702703,1.3439482814159
0.703703703703704,1.34871644285069
0.704704704704705,1.35348962690821
0.705705705705706,1.35826778493485
0.706706706706707,1.3630508680824
0.707707707707708,1.36783882730909
0.708708708708709,1.37263161338058
0.70970970970971,1.37742917687097
0.710710710710711,1.38223146816383
0.711711711711712,1.38703843745325
0.712712712712713,1.39185003474486
0.713713713713714,1.39666620985693
0.714714714714715,1.40148691242138
0.715715715715716,1.40631209188491
0.716716716716717,1.41114169751006
0.717717717717718,1.41597567837629
0.718718718718719,1.42081398338113
0.71971971971972,1.42565656124125
0.720720720720721,1.43050336049363
0.721721721721722,1.43535432949663
0.722722722722723,1.44020941643123
0.723723723723724,1.44506856930207
0.724724724724725,1.44993173593871
0.725725725725726,1.45479886399676
0.726726726726727,1.45966990095905
0.727727727727728,1.46454479413684
0.728728728728729,1.46942349067104
0.72972972972973,1.47430593753337
0.730730730730731,1.47919208152761
0.731731731731732,1.48408186929085
0.732732732732733,1.48897524729467
0.733733733733734,1.49387216184645
0.734734734734735,1.49877255909055
0.735735735735736,1.50367638500966
0.736736736736737,1.50858358542601
0.737737737737738,1.51349410600267
0.738738738738739,1.51840789224485
0.73973973973974,1.52332488950119
0.740740740740741,1.52824504296506
0.741741741741742,1.5331682976759
0.742742742742743,1.53809459852051
0.743743743743744,1.54302389023444
0.744744744744745,1.54795611740325
0.745745745745746,1.55289122446394
0.746746746746747,1.55782915570626
0.747747747747748,1.56276985527408
0.748748748748749,1.5677132671668
0.74974974974975,1.57265933524068
0.750750750750751,1.57760800321027
0.751751751751752,1.58255921464981
0.752752752752753,1.5875129129946
0.753753753753754,1.59246904154245
0.754754754754755,1.59742754345507
0.755755755755756,1.60238836175956
0.756756756756757,1.60735143934976
0.757757757757758,1.61231671898777
0.758758758758759,1.61728414330535
0.75975975975976,1.62225365480543
0.760760760760761,1.62722519586353
0.761761761761762,1.63219870872924
0.762762762762763,1.63717413552775
0.763763763763764,1.64215141826126
0.764764764764765,1.64713049881057
0.765765765765766,1.65211131893647
0.766766766766767,1.65709382028135
0.767767767767768,1.66207794437065
0.768768768768769,1.66706363261444
0.76976976976977,1.67205082630887
0.770770770770771,1.67703946663778
0.771771771771772,1.68202949467421
0.772772772772773,1.68702085138195
0.773773773773774,1.69201347761708
0.774774774774775,1.69700731412956
0.775775775775776,1.70200230156479
0.776776776776777,1.70699838046517
0.777777777777778,1.71199549127167
0.778778778778779,1.71699357432545
0.77977977977978,1.72199256986941
0.780780780780781,1.72699241804982
0.781781781781782,1.73199305891791
0.782782782782783,1.73699443243146
0.783783783783784,1.74199647845643
0.784784784784785,1.74699913676858
0.785785785785786,1.7520023470551
0.786786786786787,1.75700604891619
0.787787787787788,1.76201018186675
0.788788788788789,1.76701468533802
0.78978978978979,1.77201949867915
0.790790790790791,1.77702456115895
0.791791791791792,1.78202981196744
0.792792792792793,1.7870351902176
0.793793793793794,1.79204063494698
0.794794794794795,1.79704608511934
0.795795795795796,1.80205147962641
0.796796796796797,1.80705675728946
0.797797797797798,1.81206185686107
0.798798798798799,1.81706671702674
0.7997997997998,1.82207127640663
0.800800800800801,1.82707547355721
0.801801801801802,1.83207924697298
0.802802802802803,1.83708253508816
0.803803803803804,1.84208527627839
0.804804804804805,1.84708740886244
0.805805805805806,1.8520888711039
0.806806806806807,1.85708960121293
0.807807807807808,1.86208953734792
0.808808808808809,1.86708861761726
0.80980980980981,1.87208678008102
0.810810810810811,1.87708396275271
0.811811811811812,1.88208010360095
0.812812812812813,1.88707514055129
0.813813813813814,1.89206901148783
0.814814814814815,1.89706165425505
0.815815815815816,1.90205300665948
0.816816816816817,1.90704300647148
0.817817817817818,1.91203159142694
0.818818818818819,1.91701869922908
0.81981981981982,1.92200426755013
0.820820820820821,1.92698823403312
0.821821821821822,1.93197053629361
0.822822822822823,1.93695111192145
0.823823823823824,1.94192989848251
0.824824824824825,1.94690683352045
0.825825825825826,1.95188185455849
0.826826826826827,1.9568548991011
0.827827827827828,1.96182590463585
0.828828828828829,1.96679480863508
0.82982982982983,1.97176154855771
0.830830830830831,1.97672606185099
0.831831831831832,1.98168828595223
0.832832832832833,1.98664815829059
0.833833833833834,1.99160561628885
0.834834834834835,1.99656059736514
0.835835835835836,2.0015130389347
0.836836836836837,2.00646287841167
0.837837837837838,2.01141005321084
0.838838838838839,2.01635450074939
0.83983983983984,2.02129615844868
0.840840840840841,2.02623496373599
0.841841841841842,2.0311708540463
0.842842842842843,2.03610376682402
0.843843843843844,2.04103363952478
0.844844844844845,2.04596040961718
0.845845845845846,2.05088401458452
0.846846846846847,2.0558043919266
0.847847847847848,2.06072147916146
0.848848848848849,2.06563521382711
0.84984984984985,2.07054553348333
0.850850850850851,2.07545237571336
0.851851851851852,2.08035567812573
0.852852852852853,2.08525537835594
0.853853853853854,2.09015141406823
0.854854854854855,2.09504372295734
0.855855855855856,2.09993224275026
0.856856856856857,2.10481691120793
0.857857857857858,2.10969766612702
0.858858858858859,2.11457444534165
0.85985985985986,2.11944718672514
0.860860860860861,2.12431582819172
0.861861861861862,2.12918030769828
0.862862862862863,2.13404056324611
0.863863863863864,2.13889653288259
0.864864864864865,2.14374815470294
0.865865865865866,2.14859536685194
0.866866866866867,2.15343810752562
0.867867867867868,2.15827631497303
0.868868868868869,2.16310992749788
0.86986986986987,2.16793888346031
0.870870870870871,2.17276312127856
0.871871871871872,2.17758257943068
0.872872872872873,2.18239719645623
0.873873873873874,2.18720691095798
0.874874874874875,2.19201166160357
0.875875875875876,2.19681138712724
0.876876876876877,2.2016060263315
0.877877877877878,2.20639551808877
0.878878878878879,2.2111798013431
0.87987987987988,2.21595881511185
0.880880880880881,2.22073249848728
0.881881881881882,2.2255007906383
0.882882882882883,2.2302636308121
0.883883883883884,2.23502095833574
0.884884884884885,2.23977271261791
0.885885885885886,2.24451883315048
0.886886886886887,2.24925925951017
0.887887887887888,2.2539939313602
0.888888888888889,2.2587227884519
0.88988988988989,2.26344577062631
0.890890890890891,2.26816281781586
0.891891891891892,2.27287387004593
0.892892892892893,2.27757886743647
0.893893893893894,2.2822777502036
0.894894894894895,2.28697045866123
0.895895895895896,2.2916569332226
0.896896896896897,2.29633711440193
0.897897897897898,2.30101094281594
0.898898898898899,2.30567835918545
0.8998998998999,2.31033930433695
0.900900900900901,2.31499371920415
0.901901901901902,2.31964154482954
0.902902902902903,2.32428272236592
0.903903903903904,2.32891719307798
0.904904904904905,2.33354489834381
0.905905905905906,2.33816577965642
0.906906906906907,2.34277977862528
0.907907907907908,2.34738683697783
0.908908908908909,2.351986896561
0.90990990990991,2.35657989934267
0.910910910910911,2.36116578741323
0.911911911911912,2.365744502987
0.912912912912913,2.37031598840378
0.913913913913914,2.37488018613025
0.914914914914915,2.3794370387615
0.915915915915916,2.38398648902246
0.916916916916917,2.38852847976935
0.917917917917918,2.39306295399112
0.918918918918919,2.39758985481092
0.91991991991992,2.40210912548749
0.920920920920921,2.4066207094166
0.921921921921922,2.41112455013245
0.922922922922923,2.4156205913091
0.923923923923924,2.42010877676187
0.924924924924925,2.42458905044868
0.925925925925926,2.42906135647149
0.926926926926927,2.43352563907765
0.927927927927928,2.43798184266126
0.928928928928929,2.44242991176454
0.92992992992993,2.44686979107919
0.930930930930931,2.45130142544767
0.931931931931932,2.45572475986464
0.932932932932933,2.46013973947817
0.933933933933934,2.46454630959114
0.934934934934935,2.4689444156625
0.935935935935936,2.4733340033086
0.936936936936937,2.47771501830445
0.937937937937938,2.48208740658501
0.938938938938939,2.48645111424649
0.93993993993994,2.49080608754757
0.940940940940941,2.49515227291068
0.941941941941942,2.49948961692323
0.942942942942943,2.5038180663389
0.943943943943944,2.50813756807876
0.944944944944945,2.51244806923259
0.945945945945946,2.51674951706006
0.946946946946947,2.52104185899189
0.947947947947948,2.52532504263109
0.948948948948949,2.52959901575412
0.94994994994995,2.53386372631206
0.950950950950951,2.53811912243178
0.951951951951952,2.54236515241707
0.952952952952953,2.54660176474983
0.953953953953954,2.55082890809116
0.954954954954955,2.55504653128249
0.955955955955956,2.55925458334673
0.956956956956957,2.56345301348931
0.957957957957958,2.56764177109935
0.958958958958959,2.57182080575069
0.95995995995996,2.57599006720298
0.960960960960961,2.58014950540274
0.961961961961962,2.58429907048446
0.962962962962963,2.58843871277156
0.963963963963964,2.59256838277752
0.964964964964965,2.59668803120682
0.965965965965966,2.60079760895603
0.966966966966967,2.60489706711476
0.967967967967968,2.60898635696668
0.968968968968969,2.6130654299905
0.96996996996997,2.61713423786095
0.970970970970971,2.62119273244974
0.971971971971972,2.62524086582652
0.972972972972973,2.62927859025981
0.973973973973974,2.63330585821794
0.974974974974975,2.63732262237001
0.975975975975976,2.64132883558672
0.976976976976977,2.64532445094136
0.977977977977978,2.64930942171066
0.978978978978979,2.65328370137566
0.97997997997998,2.65724724362264
0.980980980980981,2.66120000234389
0.981981981981982,2.66514193163865
0.982982982982983,2.66907298581389
0.983983983983984,2.67299311938519
0.984984984984985,2.6769022870775
0.985985985985986,2.68080044382599
0.986986986986987,2.68468754477686
0.987987987987988,2.68856354528807
0.988988988988989,2.69242840093019
0.98998998998999,2.69628206748709
0.990990990990991,2.70012450095678
0.991991991991992,2.70395565755207
0.992992992992993,2.70777549370137
0.993993993993994,2.71158396604939
0.994994994994995,2.71538103145783
0.995995995995996,2.71916664700613
0.996996996996997,2.72294076999213
0.997997997997998,2.72670335793275
0.998998998998999,2.73045436856467
1,2.73419375984501
